"aa_new_seq","aa_position","aa_ref_seq","clone","codon_new_seq","codon_number","codon_position","codon_position_is_indeterminate","codon_ref_seq","gene_name","gene_position","gene_product","gene_strand","genes_inactivated","genes_overlapping","genes_promoter","locus_tag","locus_tags_inactivated","locus_tags_overlapping","locus_tags_promoter","mutation_category","mutator_status","new_read_count","new_read_count_basis","new_seq","population","position","position_end","position_start","ref_read_count","ref_read_count_basis","ref_seq","repeat_length","repeat_new_copies","repeat_ref_copies","repeat_seq","seq_id","size","snp_type","time","title","transl_table","treatment","type"
"F","32","S","","TTC","32","2","","TCC","tnpB","95","IS200/IS605 family element transposase accessory protein TnpB",">","","tnpB","","NBGOBH_00421","","NBGOBH_00421","","snp_nonsynonymous","","527","1","T","","428314","428314","428314","1","1","C","","","","","contig_1","","nonsynonymous","-1","BTF24T2","11","","SNP"
"P","373","P","","CCG","373","3","","CCA","ybjD","1119","putative ATP-dependent endonuclease of the OLD family, contains P-loop ATPase and TOPRIM domains",">","","ybjD","","NBGOBH_00527","","NBGOBH_00527","","snp_synonymous","","591","1","G","","536871","536871","536871","4","1","A","","","","","contig_1","","synonymous","-1","BTF24T2","11","","SNP"
"","","","","","","","","","NBGOBH_04779","coding (339/414 nt)","IS3 family transposase",">","","NBGOBH_04779","","NBGOBH_04779","","NBGOBH_04779","","small_indel","","4753","2","CA","","10089","10089","10089","0","2","G","","","","","contig_19","1","","-1","BTF24T2","","","SUB"
"G","130","G","","GGA","130","3","","GGC","NBGOBH_04779","390","IS3 family transposase",">","","NBGOBH_04779","","NBGOBH_04779","","NBGOBH_04779","","snp_synonymous","","1487","1","A","","10140","10140","10140","3","1","C","","","","","contig_19","","synonymous","-1","BTF24T2","11","","SNP"
"E","224","V","","GAG","224","2","","GTG","mlc","671","DNA-binding transcriptional repressor Mlc","<","","mlc","","NBGOBH_00854","","NBGOBH_00854","","snp_nonsynonymous","","647","1","T","","68451","68451","68451","0","1","A","","","","","contig_2","","nonsynonymous","-1","BTF24T2","11","","SNP"
"*","107","W","","TAG","107","2","","TGG","dtpA","320","dipeptide/tripeptide permease DtpA",">","dtpA","","","NBGOBH_00895","NBGOBH_00895","","","snp_nonsense","","604","1","A","","113467","113467","113467","2","1","G","","","","","contig_2","","nonsense","-1","BTF24T2","11","","SNP"
"I","62","M","","ATA","62","3","","ATG","ydjF","186","Uncharacterized HTH-type transcriptional regulator YdjF","<","","ydjF","","NBGOBH_01039","","NBGOBH_01039","","snp_nonsynonymous","","505","1","T","","251748","251748","251748","0","1","C","","","","","contig_2","","nonsynonymous","-1","BTF24T2","11","","SNP"
"I","29","M","","ATT","29","3","","ATG","dgcP","87","diguanylate cyclase DgcP",">","","dgcP","","NBGOBH_01063","","NBGOBH_01063","","snp_nonsynonymous","","578","1","T","","274883","274883","274883","1","1","G","","","","","contig_2","","nonsynonymous","-1","BTF24T2","11","","SNP"
"V","426","A","","GTG","426","2","","GCG","NBGOBH_01244","1277","hypothetical protein",">","","NBGOBH_01244","","NBGOBH_01244","","NBGOBH_01244","","snp_nonsynonymous","","664","1","T","","436254","436254","436254","0","1","C","","","","","contig_2","","nonsynonymous","-1","BTF24T2","11","","SNP"
"","","","","","","","","","yjhX–yeeT","","yjhX,yhbS,cfa,NBGOBH_04809,sgcX,sgcB,sgcC,sgcQ,sgcA,sgcE,sgcR,yjhI,yjhH,yjhG,yjhF,yjhU,NBGOBH_04822,ald2,mtnA,mtnK,NBGOBH_04826,NBGOBH_04827,NBGOBH_04828,NBGOBH_04829,dcm,NBGOBH_04831,NBGOBH_04832,NBGOBH_04833,NBGOBH_04834,NBGOBH_04835,NBGOBH_04836,NBGOBH_04837,yeeT","","yjhX,yhbS,cfa,NBGOBH_04809,sgcX,sgcB,sgcC,sgcQ,sgcA,sgcE,sgcR,yjhI,yjhH,yjhG,yjhF,yjhU,NBGOBH_04822,ald2,mtnA,mtnK,NBGOBH_04826,NBGOBH_04827,NBGOBH_04828,NBGOBH_04829,dcm,NBGOBH_04831,NBGOBH_04832,NBGOBH_04833,NBGOBH_04834,NBGOBH_04835,NBGOBH_04836,NBGOBH_04837,yeeT","","","[NBGOBH_04806]–[NBGOBH_04838]","NBGOBH_04806,NBGOBH_04807,NBGOBH_04808,NBGOBH_04809,NBGOBH_04810,NBGOBH_04811,NBGOBH_04812,NBGOBH_04813,NBGOBH_04814,NBGOBH_04815,NBGOBH_04816,NBGOBH_04817,NBGOBH_04818,NBGOBH_04819,NBGOBH_04820,NBGOBH_04821,NBGOBH_04822,NBGOBH_04823,NBGOBH_04824,NBGOBH_04825,NBGOBH_04826,NBGOBH_04827,NBGOBH_04828,NBGOBH_04829,NBGOBH_04830,NBGOBH_04831,NBGOBH_04832,NBGOBH_04833,NBGOBH_04834,NBGOBH_04835,NBGOBH_04836,NBGOBH_04837,NBGOBH_04838","","","large_deletion","","0","0","","","1","33369","1","0","0","33369-bp","","","","","contig_20","33369","","-1","BTF24T2","","","DEL"
"","","","","","","","","","NBGOBH_04967–NBGOBH_04972","","NBGOBH_04967,NBGOBH_04968,NBGOBH_04969,yeeP,NBGOBH_04971,NBGOBH_04972","","NBGOBH_04967,NBGOBH_04968,NBGOBH_04969,yeeP,NBGOBH_04971,NBGOBH_04972","","","[NBGOBH_04967]–[NBGOBH_04972]","NBGOBH_04967,NBGOBH_04968,NBGOBH_04969,NBGOBH_04970,NBGOBH_04971,NBGOBH_04972","","","large_deletion","","0","0","","","1","7674","1","0","0","7674-bp","","","","","contig_28","7674","","-1","BTF24T2","","","DEL"
"","","","","","","","","","NBGOBH_01836–[trnP]","","NBGOBH_01836,NBGOBH_01837,NBGOBH_01838,NBGOBH_01839,NBGOBH_01840,NBGOBH_01841,ssb,NBGOBH_01843,NBGOBH_01844,NBGOBH_01845,NBGOBH_01846,NBGOBH_01847,NBGOBH_01848,NBGOBH_01849,NBGOBH_01850,NBGOBH_01851,alpA,NBGOBH_01853,[trnP]","","NBGOBH_01836,NBGOBH_01837,NBGOBH_01838,NBGOBH_01839,NBGOBH_01840,NBGOBH_01841,ssb,NBGOBH_01843,NBGOBH_01844,NBGOBH_01845,NBGOBH_01846,NBGOBH_01847,NBGOBH_01848,NBGOBH_01849,NBGOBH_01850,NBGOBH_01851,alpA,NBGOBH_01853","trnP","","[NBGOBH_01836]–[NBGOBH_01854]","NBGOBH_01836,NBGOBH_01837,NBGOBH_01838,NBGOBH_01839,NBGOBH_01840,NBGOBH_01841,NBGOBH_01842,NBGOBH_01843,NBGOBH_01844,NBGOBH_01845,NBGOBH_01846,NBGOBH_01847,NBGOBH_01848,NBGOBH_01849,NBGOBH_01850,NBGOBH_01851,NBGOBH_01852,NBGOBH_01853","NBGOBH_01854","","large_deletion","","581","1","","","411881","423368","411881","0","2","11488-bp","","","","","contig_3","11488","","-1","BTF24T2","","","DEL"
"","","","","","","","","","argR","coding (32-40/471 nt)","transcriptional regulator ArgR","<","argR","","","NBGOBH_02086","NBGOBH_02086","","","small_indel","","597","1","","","47042","47050","47042","6","2","ATGCTTTAA","9","1","2","ATGCTTTAA","contig_4","9","","-1","BTF24T2","","","DEL"
"","","","","","","","","","tnpB–NBGOBH_05031","","tnpB,NBGOBH_05029,NBGOBH_05030,NBGOBH_05031","","tnpB,NBGOBH_05029,NBGOBH_05030,NBGOBH_05031","","","[NBGOBH_05028]–[NBGOBH_05031]","NBGOBH_05028,NBGOBH_05029,NBGOBH_05030,NBGOBH_05031","","","large_deletion","","0","0","","","1","1651","1","0","0","1651-bp","","","","","contig_43","1651","","-1","BTF24T2","","","DEL"
"","","","","","","","","","NBGOBH_05042","","NBGOBH_05042","","NBGOBH_05042","","","[NBGOBH_05042]","NBGOBH_05042","","","large_deletion","","0","0","","","1","855","1","0","0","855-bp","","","","","contig_52","855","","-1","BTF24T2","","","DEL"
"","","","","","","","","","–/–","intergenic (–/–)","–/–","–/–","","","","–/–","","","","large_deletion","","0","0","","","1","671","1","0","0","671-bp","","","","","contig_58","671","","-1","BTF24T2","","","DEL"
"","","","","","","","","","–/–","intergenic (–/–)","–/–","–/–","","","","–/–","","","","snp_intergenic","","497","1","A","","118","118","118","0","1","G","","","","","contig_60","","intergenic","-1","BTF24T2","","","SNP"
"","","","","","","","","","–/–","intergenic (–/–)","–/–","–/–","","","","–/–","","","","snp_intergenic","","513","1","T","","143","143","143","0","1","C","","","","","contig_60","","intergenic","-1","BTF24T2","","","SNP"
"","","","","","","","","","–/–","intergenic (–/–)","–/–","–/–","","","","–/–","","","","small_indel","","1876","4","TATG","","157","160","157","3","4","GGGA","","","","","contig_60","4","","-1","BTF24T2","","","SUB"
"","","","","","","","","","–/–","intergenic (–/–)","–/–","–/–","","","","–/–","","","","snp_intergenic","","547","1","A","","166","166","166","0","1","T","","","","","contig_60","","intergenic","-1","BTF24T2","","","SNP"
"","","","","","","","","","–/–","intergenic (–/–)","–/–","–/–","","","","–/–","","","","snp_intergenic","","594","1","G","","174","174","174","0","1","T","","","","","contig_60","","intergenic","-1","BTF24T2","","","SNP"
"","","","","","","","","","–/–","intergenic (–/–)","–/–","–/–","","","","–/–","","","","snp_intergenic","","626","1","C","","182","182","182","0","1","T","","","","","contig_60","","intergenic","-1","BTF24T2","","","SNP"
"","","","","","","","","","–/–","intergenic (–/–)","–/–","–/–","","","","–/–","","","","small_indel","","635","1","","","316","316","316","0","1","T","","","","","contig_60","1","","-1","BTF24T2","","","DEL"
"","","","","","","","","","–/–","intergenic (–/–)","–/–","–/–","","","","–/–","","","","small_indel","","1230","2","","","420","421","420","4","2","TA","","","","","contig_60","2","","-1","BTF24T2","","","DEL"
"","","","","","","","","","–/–","intergenic (–/–)","–/–","–/–","","","","–/–","","","","large_deletion","","0","0","","","1","546","1","0","0","546-bp","","","","","contig_63","546","","-1","BTF24T2","","","DEL"
"","","","","","","","","","–/–","intergenic (–/–)","–/–","–/–","","","","–/–","","","","large_deletion","","0","0","","","1","472","1","0","0","472-bp","","","","","contig_67","472","","-1","BTF24T2","","","DEL"
"","","","","","","","","","–/–","intergenic (–/–)","–/–","–/–","","","","–/–","","","","small_indel","","2758","6","","","248","253","248","8","6","CACGCG","6","1","2","CACGCG","contig_70","6","","-1","BTF24T2","","","DEL"
"V","64","A","","GTC","64","2","","GCC","NBGOBH_03382","191","Phage-related protein, tail assembly protein I","<","","NBGOBH_03382","","NBGOBH_03382","","NBGOBH_03382","","snp_nonsynonymous","","479","1","A","","194231","194231","194231","0","1","G","","","","","contig_8","","nonsynonymous","-1","BTF24T2","11","","SNP"
